{
  "server/fix-index.ts": 1774695241.9317346,
  "server/docker/Dockerfile.go": 1774718019.9695616,
  "server/docker/Dockerfile.cpp": 1774721625.3467155,
  "server/src/client.ts": 1774659348.4434712,
  "server/src/index.ts": 1775574684.539854,
  "server/src/middleware/authMiddleware.ts": 1774742914.9099457,
  "server/src/security/scanner.ts": 1775574684.540605,
  "server/src/utils/sync.ts": 1774694092.2961998,
  "server/src/db/schema.ts": 1774742914.909374,
  "server/src/db/mongoose.ts": 1774765825.4911659,
  "server/src/db/index.ts": 1774742914.9085596,
  "server/src/db/models/Project.ts": 1775574684.5385711,
  "server/src/db/models/DeployedApp.ts": 1775574684.5381007,
  "server/src/db/models/User.ts": 1775574684.5391445,
  "server/src/db/models/HelpPost.ts": 1775574684.5382817,
  "server/src/db/models/TimelineEvent.ts": 1775574684.538866,
  "server/src/routes/help.ts": 1774769103.8831105,
  "server/src/routes/projects.ts": 1775574684.5402632,
  "server/src/routes/github.ts": 1775331994.3949504,
  "server/src/routes/agent.ts": 1775332002.6117659,
  "server/src/routes/reels.ts": 1774715053.2007377,
  "server/src/routes/users.ts": 1774742914.910352,
  "server/src/routes/deploy.ts": 1775332000.8330946,
  "server/src/routes/timeline.ts": 1774765825.492333,
  "server/src/routes/git.ts": 1774659348.4440658,
  "server/src/routes/sessions.ts": 1774659348.4442546,
  "server/src/ws/collaboration.ts": 1775574684.5409374,
  "shared/src/index.ts": 1774659348.4500031,
  "shared/src/types/index.ts": 1774659348.4501126,
  "client/vite.config.ts": 1774738946.5257347,
  "client/src/main.tsx": 1774695933.694004,
  "client/src/vite-env.d.ts": 1774659348.4408228,
  "client/src/routeTree.gen.ts": 1774765825.489826,
  "client/src/contexts/WebSocketProvider.tsx": 1774735673.4373302,
  "client/src/contexts/SocketProvider.tsx": 1775574684.537192,
  "client/src/components/SecurityScanModal.tsx": 1774735677.8296232,
  "client/src/components/CommunityHelpModal.tsx": 1774769103.8795638,
  "client/src/components/ReelsPanel.tsx": 1774659348.4391286,
  "client/src/components/JoinRequestModal.tsx": 1774659348.438631,
  "client/src/components/VibeChat.tsx": 1775331957.6319125,
  "client/src/components/GamePIP.tsx": 1775574684.5367262,
  "client/src/components/ReelsWidget.tsx": 1774738946.5248013,
  "client/src/components/MatrixRain.tsx": 1774727364.6352866,
  "client/src/components/LandingPage.tsx": 1775331977.7040148,
  "client/src/components/TimelineBar.tsx": 1774765825.4880648,
  "client/src/components/Workspace.tsx": 1774769103.879872,
  "client/src/components/PomodoroTimer.tsx": 1774723609.6012273,
  "client/src/components/SpotifyPlayer.tsx": 1774726342.0234444,
  "client/src/components/RubberDuck.tsx": 1774721994.7701354,
  "client/src/components/TerminalArea.tsx": 1774765825.4878988,
  "client/src/components/CodeRoastModal.tsx": 1774735677.04709,
  "client/src/components/ReactionOverlay.tsx": 1774728327.25308,
  "client/src/components/FileExplorer.tsx": 1774735681.3862603,
  "client/src/components/CoderMatchModal.tsx": 1774735682.1735642,
  "client/src/components/SubwaySurfer3D.tsx": 1774738942.7804534,
  "client/src/components/EditorArea.tsx": 1775331961.6503665,
  "client/src/components/ActivityFeed.tsx": 1774735679.0286422,
  "client/src/components/ImportModal.tsx": 1774735672.4015384,
  "client/src/components/WhiteboardArea.tsx": 1774723877.6254172,
  "client/src/components/ui/button.tsx": 1775574684.5368814,
  "client/src/hooks/useEditorSync.ts": 1774735676.2430444,
  "client/src/hooks/useAgentStream.ts": 1774735671.9727223,
  "client/src/lib/utils.ts": 1774659348.440226,
  "client/src/lib/config.ts": 1774765825.4895227,
  "client/src/routes/index.tsx": 1774659348.440627,
  "client/src/routes/__root.tsx": 1774725053.3105822,
  "client/src/routes/login.tsx": 1775574684.5375352,
  "client/src/routes/dashboard.tsx": 1775331950.2273839,
  "client/src/routes/community.tsx": 1775331955.2235765,
  "client/src/routes/profile.tsx": 1774769103.8815913,
  "README.md": 1775934097.1144571,
  "server/README.md": 1774659348.4431953,
  "docs/SECURITY_SCAN_DEMO.md": 1774742538.9422555,
  "docs/ROADMAP.md": 1775332006.819629,
  "docs/REELS_SETUP.md": 1775332031.4511626,
  "docs/uml/specifications.md": 1775327705.8525944,
  "docs/uml/how-to-run.md": 1775933653.9092577,
  "client/README.md": 1774659348.4374092,
  "docs/uml/diagrams/photos/VibeCodium - Use Case Diagram.png": 1775932727.6969516,
  "docs/uml/diagrams/photos/VibeCodium - ER Diagram (SQLite).png": 1775932727.6351879,
  "docs/uml/diagrams/photos/VibeCodium - Sequence (Real-Time Collaboration).png": 1775932727.9198573,
  "docs/uml/diagrams/photos/VibeCodium - Sequence (AI Agent Loop).png": 1775932727.9320571,
  "docs/uml/diagrams/photos/VibeCodium - State Diagram (Project).png": 1775932727.697649,
  "docs/uml/diagrams/photos/VibeCodium - Class Diagram.png": 1775932727.629548,
  "docs/uml/diagrams/photos/VibeCodium - Sequence (Docker Execution).png": 1775932727.929744,
  "docs/uml/diagrams/photos/VibeCodium - Component Diagram.png": 1775932727.6247747,
  "docs/uml/diagrams/photos/VibeCodium - Deployment Diagram.png": 1775932727.6261446,
  "docs/uml/diagrams/photos/VibeCodium - Activity Diagram.png": 1775932727.9374113,
  "docs/uml/diagrams/photos/VibeCodium - ER Diagram (MongoDB).png": 1775932727.627537,
  "docs/uml/diagrams/photos/VibeCodium - Sequence (Vercel Deploy).png": 1775932727.9237952,
  "docs/uml/diagrams/photos/VibeCodium - State Diagram (Collaboration Session).png": 1775932727.7014196,
  "docs/architecture/diag_stack.svg": 1774659348.441679,
  "docs/architecture/diag_execution.svg": 1774659348.4414685,
  "docs/architecture/diag_ui_layout.svg": 1774659348.4417734,
  "docs/architecture/diag_backend.svg": 1774659348.4413848,
  "docs/architecture/diag_schema.svg": 1774659348.441576,
  "docs/architecture/diag_agent.svg": 1774659348.4412792,
  "docs/photos/vibecodium_square_logo.svg": 1774659348.441856,
  "docs/photos/vibecodium_wide_logo.png": 1775581149.99277,
  "docs/photos/vibecodium_square_logo.png": 1775325472.063395,
  "client/public/vibecodium_icon.svg": 1774659348.4377809,
  "client/public/vite.svg": 1774659348.4378572,
  "client/src/assets/vibecodium_icon.svg": 1774659348.438086,
  "client/src/assets/beaver.svg": 1774659348.4380183
}